legacy_table,legacy_column,legacy_sample_value,sap_target_table,sap_field,sap_field_description,sap_data_type,confidence,transform_notes
Depreciation Methods,Depreciation_Method_ID,1,(cross-reference only),LEGACY_ID (custom),Legacy Method ID,CHAR(20),HIGH,SAP's own key is AFASL (Depreciation Key) -- a target-system-configured 4-char code.
Depreciation Methods,Method_Code,SL,AFAMA,AFASL,Depreciation Key,CHAR(4),APPROX,"'SL' (Straight Line) is a legacy shorthand, not a real SAP depreciation key -- SAP-delivered keys look like 'LINA'/'LINR' for straight-line, and the target system's actual configured keys have to be resolved via lookup, not assumed to equal the source code."
Depreciation Methods,Method_Name,Straight Line,(not mapped),--,--,--,APPROX,"AFAMA itself has no description text field in this catalog -- depreciation key texts live in a separate customizing text table. Out of scope without confirming that table's exact name."
Depreciation Methods,Description,Depreciation Methods record 1 — generated for integration testing.,NOT_MIGRATED,--,--,--,HIGH,"Placeholder/test-data text ('generated for integration testing') -- not a real business description, not worth mapping regardless of target field availability."
Depreciation Methods,Is_Active,True,NOT_MIGRATED,--,--,--,HIGH,Depreciation key activation is inherent to whether it's assigned in a depreciation area's customizing -- not a flag on a migrated data record.
Asset Categories,Asset_Category_ID,1,(cross-reference only),LEGACY_ID (custom),Legacy Category ID,CHAR(20),HIGH,SAP's own key is ANLKL (Asset Class) -- a target-system-configured 8-char code.
Asset Categories,Category_Code,MACH,ANKA / ANKT,ANLKL,Asset Class,CHAR(8),APPROX,"Same class of gap as Method_Code -- the target system's actual configured asset classes need resolving via lookup, not assumed to equal the legacy code."
Asset Categories,Category_Name,Machinery & Equipment,ANKT,TXK50,Description,CHAR(50),HIGH,Direct text -- once ANLKL itself is resolved.
Asset Categories,Description,Machinery & Equipment capitalised under IAS 16.,(not mapped),--,--,--,APPROX,"ANKT-TXK50 already carries Category_Name as the class's official description; this longer field has no second standard target on ANKA/ANKT."
Asset Categories,Default_Dep_Method_ID,1,(not mapped -- config -- not a field),--,--,--,APPROX,"Asset class -> default depreciation key is configured per depreciation area in Customizing, not stored as a flat field on ANKA. Confirm the exact configuration transaction (e.g. AO90/OAYZ-family) with the target system rather than assume a table name here."
Asset Categories,Default_Useful_Life_Years,10,(not mapped -- config -- not a field),--,--,--,APPROX,Same customizing-default pattern as Default_Dep_Method_ID -- not a flat ANKA field.
Asset Categories,GL_Account_Code,1500,(not mapped -- account determination config),--,--,--,APPROX,"Asset class to G/L account linkage (for APC and depreciation posting) is configured via account determination, not a flat field on ANKA. Resolve the underlying G/L account itself via Finance>Chart of Accounts, but confirm the account-determination configuration transaction with the target system rather than assume one here."
Asset Categories,Accum_Dep_Account,1550,(not mapped -- account determination config),--,--,--,APPROX,Same account-determination pattern as GL_Account_Code -- for the accumulated depreciation contra account.
Asset Categories,Is_Active,True,NOT_MIGRATED,--,--,--,HIGH,Same reasoning as Depreciation Methods>Is_Active.
