legacy_column,legacy_sample_value,sap_infotype_table,sap_field,sap_field_description,sap_data_type,confidence,transform_notes
Employee_ID,1,(cross-reference only),LEGACY_ID (custom),Legacy Employee ID,CHAR(20),HIGH,"SAP's own key is PERNR (Personnel Number). Keep Employee_ID only as a migration cross-reference attribute, e.g. in a custom infotype or an external mapping table, not as a standard field."
Company_ID,1,PA0001,BUKRS,Company Code,CHAR(4),HIGH,Resolve via Foundation>Companies lookup (Company_ID -> T001-BUKRS) before load.
Department_Type_ID,1,PA0001,ORGEH,Organizational Unit,NUMC(8),APPROX,"Resolve via HR>Departments Types lookup, which itself maps to HRP1000 org units -- a two-hop join."
Section_ID,19,PA0001,ORGEH (lower-level org unit),Organizational Unit,NUMC(8),APPROX,"Sections model a finer org level than Department; represented as a child org unit under the Department in the HRP1000/HRP1001 hierarchy, not a separate field."
Marital_Status_ID,1,PA0002,FAMST,Marital Status,CHAR(1),HIGH,Resolve via HR>Marital Status lookup into SAP's fixed FAMST domain values (married/single/divorced/...).
Salary_Grade_ID,8,PA0008,TRFGR,Pay Scale Group,CHAR(8),HIGH,"Resolve via HR>Salary Grades lookup, which maps to T510 (Pay Scale Groups)."
Employee_Code,EMP-0001,PA0001 / PERNR,PERNR,Personnel Number,NUMC(8),APPROX,"SAP normally assigns PERNR internally on creation. Preserving legacy codes like 'EMP-0001' requires enabling external number assignment on the employee number range in the target system -- confirm with the Basis/config team before assuming a 1:1 carry-over."
First_Name,Mohammad,PA0002,VORNA,First Name,CHAR(40),HIGH,
Last_Name,Qasem,PA0002,NACHN,Last Name,CHAR(40),HIGH,
Date_Of_Birth,1998-09-26,PA0002,GBDAT,Date of Birth,DATS,HIGH,Reformat ISO date string to SAP DATS (YYYYMMDD).
Gender,Male,PA0002,GESCH,Gender Key,CHAR(1),HIGH,Map Male/Female/... text values to SAP's gender key domain (1/2/...).
National_ID,9000000137,PA0185,ICNUM (subtype-dependent),Personal ID Number,CHAR(20),APPROX,"Country-dependent infotype/subtype (e.g. a 'National ID' subtype for Jordan). A simpler fallback if IT0185 isn't configured is PA0002-PERID for one generic ID field -- confirm which the target system uses."
Nationality,Jordanian,PA0002,NATIO,Nationality,CHAR(3),HIGH,Map nationality/country text to SAP's nationality key (ISO-based).
Phone_Number,+962 79 539 7770,PA0105,USRID (subtype: phone/cell),Communication Number,CHAR(40),APPROX,Communication infotype subtype code for phone type varies by client configuration -- confirm the subtype catalog (cell vs. landline) in the target system.
Email,mohammad.qasem@zad-industrial.jo,PA0105,USRID (subtype: e-mail),E-Mail Address,CHAR(40),APPROX,Same infotype as phone but a different subtype -- confirm the e-mail subtype code configured in the target system.
Address,"51 Zahran St, Jerash",PA0006,STRAS / ORT01 / PSTLZ / LAND1,Street / City / Postal Code / Country,CHAR (mixed lengths),APPROX,"Source is one free-text field; must be parsed and split into SAP's structured address fields. Good candidate for an AI-assisted parsing step given the free-text, multi-locale format."
Hire_Date,2012-04-27,PA0000 / PA0001,BEGDA,Start Date of Hiring Action,DATS,HIGH,Becomes the BEGDA (validity start) of the initial 'Hire' personnel action and the org assignment record it creates.
Job_Title,Chief Executive Officer,PA0001,PLANS (resolved Position) / STELL (Job),Position / Job,NUMC(8) / CHAR(8),APPROX,"SAP models job title via Position (HRP1000 object type S) and/or Job (type C), not a free-text field -- requires building or matching an Org Management position catalog first."
Employment_Type,Part-time,PA0001,PERSK,Employee Subgroup,CHAR(2),APPROX,"Map Full-time/Part-time/Contract to configured employee subgroup values. 'Contract' may additionally need IT0016 (Contract Elements) for fixed-term contract data."
Employment_Status,Active,PA0000,STAT2,Employment Status,CHAR(1),HIGH,Derived from the latest personnel action record (PA0000) -- not stored as a standalone status field on the employee.
Termination_Date,(null),PA0000,BEGDA (of Leaving action),Start Date of Termination Action,DATS,HIGH,"Becomes the BEGDA of a 'Leaving' personnel action; also drives the ENDDA (validity end) that delimits the employee's other infotype records."
Manager_ID,(null)/1,HRP1001,relationship A002/B002 ('reports to' / 'is line supervisor of'),Org Management Relationship,--,APPROX,"Not a flat field on the employee record. SAP models 'manager' as a Position-to-Position (or Person-to-Position) relationship in Org Management. The flat self-referencing FK must be transformed into relationship edges, which requires the position catalog (see Job_Title) to exist first."
Bank_Account_Number,100000008171,PA0009,BANKN,Bank Account Number,CHAR(18),HIGH,
IBAN,JO16CBJO1000000000003313,PA0009,IBAN,IBAN,CHAR(34),HIGH,
Profile_Photo_URL,https://hr.zad-industrial.jo/photos/emp0001.jpg,(not a data field),ArchiveLink attachment (GOS / SBSD),--,--,APPROX,"SAP stores an employee photo as an attached document via ArchiveLink, not a URL field. The image itself needs uploading/linking; the URL string can only be kept as a custom (Z) attribute if you don't migrate the actual photo."
Notes,Reviewed and approved by department head.,(no standard field),Z-infotype or GOS text note,--,--,APPROX,"No canonical free-text infotype for general HR notes. Carry as a custom infotype/text object, or drop if not business-critical -- confirm with the business owner before migrating unstructured free text."
Created_At,2012-04-27 09:00:00,NOT_MIGRATED,system-generated,--,--,HIGH,Every infotype record automatically stamps its own creation timestamp on save (technical header) -- this is not loaded as source data.
Updated_At,2025-05-17 13:15:00,NOT_MIGRATED,system-generated,--,--,HIGH,SAP tracks field-level changes via change documents (CDHDR/CDPOS) automatically -- not loaded as source data.
Created_By_User_ID,20,NOT_MIGRATED,system-generated (or cross-reference only),--,--,APPROX,"Captured automatically as the SAP user who creates the record. The legacy creator ID can be retained only as a migration audit/cross-reference attribute, not loaded into a standard field."
