legacy_column,legacy_sample_value,sap_target_table,sap_field,sap_field_description,sap_data_type,confidence,transform_notes
Location_ID,1,(cross-reference only),LEGACY_ID (custom),Legacy Location ID,CHAR(20),HIGH,SAP's own key is a Plant/Location combination (T499S-WERKS + STORT).
Company_ID,1,T499S,WERKS,Plant,CHAR(4),APPROX,"Needs a real Plant determination from the target org structure, not just a Company Code -- same recurring gap as Sales Orders>Company_ID and Inventory Items>Company_ID."
Location_Code,LOC-001,(not mapped),--,--,--,HIGH,No standard 'old code' field on T499S the way MARA has BISMT. Kept only as the Location_ID staging key's companion -- not loaded separately.
Location_Name,Head Office — Amman,T499S,STLTX,Description,CHAR(30),HIGH,"Investigated before mapping: Location_Name's embedded place name agrees with the City column on all 10 rows, which is why City (not the Address field) is used for geography below."
Location_Type,Plant,(routing decision -- not a field),--,--,--,APPROX,"This determines WHICH SAP object the location even becomes -- a value of 'Plant' plausibly means an actual SAP Plant (T001W) rather than just a T499S location entry, 'Warehouse' could mean a Storage Location (T001L) or WM Warehouse Number (T300). Not a value to look up, a genuine object-routing decision that needs to be made per distinct Location_Type before any of these rows can be loaded correctly."
Address,"33 King Abdullah II St, Mafraq",ADRC,STREET,Street,CHAR(60),HIGH,"Checked before mapping: the trailing city token in this free-text field disagrees with the declared City column on 9/10 rows -- but the STREET portion itself isn't part of what was shown unreliable, only the embedded city. Use split_delimiter part_index 0 for STREET; do NOT use part_index 1 for city (see City below)."
City,Amman,ADRC,CITY1 (+ COUNTRY via value_map),City (+ Country),CHAR(40) / CHAR(3),HIGH,"Opposite resolution from Customers>Country: here the standalone City column is the one corroborated by an independent field (Location_Name) and the free-text address is the unreliable one. Use City directly for CITY1, and derive COUNTRY from City via the same value_map reference table as Customers (Amman/Aqaba/Irbid/etc. -> JO, Dubai -> AE, ...)."
Country,Jordan,(not mapped -- redundant -- see City),--,--,--,HIGH,"Checked: agrees with City on 10/10 rows (unlike Customers>Country), so it's reliable here -- but COUNTRY is already derived from City via value_map above, making this column redundant rather than a second source of truth. Could be used directly instead of the City-derivation as an equally valid alternative; not mapped twice."
Is_Active,True,(not mapped),--,--,--,APPROX,"Same block/deletion-flag ambiguity as Customers>Is_Active and Inventory Items>Is_Active -- SAP has no single active flag, and all 10 rows are True here, giving no evidence of which indicator 'inactive' would need to mean."
